id,name
NK-24isa6tapAYCqtEnqbUdzv,DEMIDOVICH VASILIJ
NK-2AaUhJdZeBxnxVKVF7fTVv,Marica Montemaggi
NK-2JwoHkECHUUPBaeE2oWTcs,PHIRAPHAN Saliratthawiphak
NK-2RUaVAyak9SihC45xbQ7Xi,Prum Sokha
NK-2RrKKDM4EuFH8mrT96hsbw,Kim Su-gil
NK-2S53AHjtxJwSsBZ6SNvN89,Tai Lee Siang
NK-2Uxsc3Ai9S2mAW5aMu4Uuw,Danjuma Tella La'Ah
NK-2WmbReX9mE8qUgdcHUHgCk,Abubakar Imam Besse
NK-2eLPY9vYFFb8XhihDF2oZ7,Ri Myong-chol
NK-2hidzsneiof9iUJHEXwqWq,Kim Kum-chol
NK-2i59tPMtKDTPQFYvPFj4n2,ဦးေသာင္း
NK-2pC25pkdspRxAkYxFCR9nZ,Héctor Ireneo Mares Cossío
NK-2wf3y8pBpVqPuU4neGTVbY,Mustapha Abubakar
NK-2z8KMWf6pceQbXHuvCqKYS,Mr. Trevor Prescod
NK-36ga8BN6ZejNXgScg4eqvo,CARLOS ARTURO CORREA MOJICA
NK-39k85HfBUpKYoH8Ne6pDzi,Samonyane Ntsekele
NK-3EQztQtZ9QmpzxeEoKPpqq,Merabi Kvaraia
NK-3Fi2JkaSnaLTcNacadaonE,Ibrahim Bawa Kamba
NK-3N8r5se59e7fUGeXfZ8Y5j,Flavien Nziengui NZOUNDOU
NK-3PreMngdNNHpECp5hzxnPo,Rosy Sofia Akbar
NK-3YGKyhqS4cRSurPkuSQPeo,Margo Reminisse DEIYE
NK-3YjDY5aMyodvzSapTXwBap,Kim Sung-du
NK-3Z4QjZKXT5cwT9sNnx7HMk,PHICHAI Chunhawachira
NK-3kBaD5d3FBdWkY7endf6uq,Mark Pettingill
NK-3uQVvWCXP7ekD8HQtv3Tps,SNG Chern Wei
NK-45hRm9KFehNsMxt8QYSUYN,NIBIGIRA Ezéchiel
NK-48GBUX5D8rRe4sEzSAVVaA,Wayne Scott
NK-4BFW3CnQSzEkYeYyi3M7YU,To LAM
NK-4CWnQSUdAmFYrm5rknAudU,Emmanuel Nnamdi Uba
NK-4Fmc5dEYLhNtQM4yzt3Upb,To LAM
NK-4KQre5SyP4nURQXDX4yz86,JORGE ELIECER TAMAYO MARULANDA
NK-4LbAK37XT6ozzfFWGnzyMV,Oswaldo Emilio Vera Rojas
NK-4VcdBDMNWqB8HrwG6oNfkz,Mr. Timcho Mucunski
NK-4Y628EQF3zdkudnaxQjKAn,Nato Taiwia
NK-4YE8hyJwoiQ8npS3NBKRkz,Lasha Jokhadze
NK-4ZpYNvagBHVDY6QBizRgCF,Diego Javier Osorio Jimenez
NK-4byCYvCUkWJ8gwgcSLQXrE,Damiano BELEFFI
NK-4gKxM2dPwsKwh96Yex947h,Roza Topuzova-Karevska
NK-4xysmVc9DSXMab99RdjLio,Ýoldaş Hallyýewiç Şeripow
NK-55EkDM8V6858vfQqEJGXtD,ETONG NDZOK Hilarion
NK-55q6AGuAA3H55Y6h9bEKAZ,Saúl Antonio Ortega Campos
NK-5CLLMm35MdNJdhFf3eNQpL,Mohamed Aboud Mohamed
NK-5GgrMnT7vnL6wwS5recQCT,BUCARAN PARAGUÁN CHAÍM JOSÉ
NK-5KZE8cF9CYyDaUwp35sEfT,Aida Dërguti
NK-5MneGug7pzQuZr8UUzWADW,Marlene McDonald
NK-5SNNnZMnBE2PvLbkT5nsdA,Alvaro Rodrigo Guzman Collao
NK-5coggoDn3ein6xorxZeYmW,Ogundimu Oluyinka
NK-5fFgUz9bdYvgUzLx66znp9,Bakary Yaou SANGARE
NK-5hJDngM8Evt9sUN2dqyLyb,Husayn al-QATRANI
NK-5oke2738mgihLUjmosxox4,LIM Der Shing
NK-5wUQYN7DjccfxiECuxJxzQ,Mari Alkatiri
NK-62dyQCoW6zPMHoaV9W6H4D,Kang Su-rin
NK-638ahW6Lsy4DBM76KTTMES,CHIN Chi Leong
NK-63iEg3uTuS2BHwAGMFgJaX,PHOON Kok Kwang
NK-679cgKeqsxEpni2De47Mtk,Pal Lekaj
NK-6AubtaQ4sK9RudsWAdXesb,ELIAS GONDJI
NK-6C6Lgwn9Uipwce2y83wLCv,Olufemi Julius Fakeye
NK-6FK4KVH2t9Q6atrfNuHNy4,ဦးေမာင္ဦး
NK-6JgStcjE97Nwf7fntKLKCC,Kang Yong-su
NK-6PGnZUqZn6cNddiWuuVccb,Ali al-ABID
NK-6UbLQaGuBpuz6E5m9SGtXh,Joseph Obinna Ogba
NK-6ZhwNSWXN7CBLUjJjnV9r7,Natangwe ITHETE
NK-6bq2XiRwB7rZJY3apZM5du,Tamar Mchedlishvili
NK-6epyt5sCYEBozZVFxCURw9,Dina Nath Dhungyel
NK-6g6bhJYQAAYmFKR7mqckRE,ဦးေဇာ္ထြန္း
NK-6kmxDD3fYygdw5WAXRKJeT,Mahen JHUGROO
NK-6qw2xAESC9ezstqMmFYsoe,Yamil Hernando Arana Padaui
NK-6tPu8QojHfUYMnubXzp7Z3,Lela Tsagareishvili
NK-6tXQ7oAFrpSBwgvZE8ViCD,Sir Louis Hilton STRAKER
NK-6uK6wpUQY2nh7aKSPcWanK,UWIZEYE Ibrahim
NK-74UDKkCwFyPhzjYQV6o428,Tsotne Zurabiani
NK-79kK8saK3fHEUE3V5rqM8e,Giorgi Mukbaniani
NK-7BBHYGXsRdkyKDQaMtLirH,JUAN DIEGO ECHAVARRIA SANCHEZ
NK-7Ph3TPXLDb6QnBK9cwW4Fs,Orazmämmet Saparmämmedowiç Mämmedow
NK-7PtnjAXDaQxU3PVk8JRV6x,NSHIMIRIMANA Georges
NK-7TmC2oRttPNcNVGTrxXcQg,Tomislav DONCHEV
NK-7WSinmUxuEokze5LWx3amg,Olatunbosun Oyintiloye
NK-7WWyRaGjvq8Me7f5NFWeBi,Ifedayo Sunday Abegunde
NK-7ZNGUYzVV5x2hJ5AGxeXRm,PSHEMBAYEV Meyram Kudaybergenovich
NK-7aHrZt273xdrsih6rGvGt8,FREDY ANTONIO ANAYA MARTINEZ
NK-7oEFsWQ6jwmU23JxEfD7uo,Resul Gurbangulyýewiç Işangulyýew
NK-7uiartrQ7enXH4MY8qxBTb,Jaime Rodríguez Contreras
NK-7xCBEzZKXYYWYnNbcHMh9d,Orazberdi Amannurowiç Annaýew
NK-885XTvVeXZhwZvCnys3YQv,KHWAJA Muhammad Asif
NK-8CfeeHcVH7gqYRJL8DPovQ,Omar Saud Abdulaziz al-OMAR
NK-8K7MAfEPSxP9ezEGuZHQxR,Tan Kok Yam
NK-8N9EtYMMk7FdWP9QXx3hRc,Barbara Conolly
NK-8Qa66c8rFoiG84PZ6zrMum,Ian Dereck Joseph MADELEINE
NK-8YvSUCdMuKvFTg9yUhftpG,Ravinder SINGH
NK-8dkkaau5M4qYJa5jBC7Bwx,Choe Yong-ho
NK-8gS9PcxB2L6cCuQ7JJeyuK,Dwayne S. Seymour
NK-8hAfehEMUAX22NRtS32NPt,Carlos Mario Farelo Daza
NK-8kU9VaBZoXXdHU2ehUCAWE,Monica Liliana Valencia Montaña
NK-8kYgohEYh6aYnfjsMhEtkV,Rrustem Mustafa
NK-8kzVYRHAkZ8ceoVgwKXtiS,Kirk HUMPHREY
NK-8pxpnY9xRhETm9h6mT86hT,Kanellopoulou Krinio
NK-8ufZRHHFw53eE8vytP2VrK,Pak Jong-nam
NK-8vdzsMBUbMAPF9dwXJUJL7,Pak Chun-nam
NK-8wPYaJSwftbAJnv8EBccic,Kim Jin-kuk
NK-92FXUwakMPExYRRoHNu9jy,GALLO CANTERA LUIS ENRIQUE
NK-92SPd76NThU7wLbg7VZK3H,Abigail Damasane
NK-9BkQCLWH94JXyueuKZSssq,Dileep Nair
NK-9HKWCUxVFexLfKCmgVaaGx,Milos BUKEJLOVIC
NK-9HXWcPDRrgCCKZWBu2QqbW,Komlan Edo Robert DUSSEY
NK-9HfAXNFunspE6yf3DVcB3Y,AYESSA FIRMIN
NK-9MSsX2QFi7xZgkMWsj9Dfh,Sani Mohammed
NK-9NBQECUSuGoNVLWp67i4Rs,Yaya Sangaré
NK-9Rg4oNEegEcqVv24V82Ziy,JOSE WALDOLI FILGUEIRA VALENTE
NK-9Tx6V2G2JrwhzeCmcP5E5C,Kobenon Kouassi ADJOUMANI
NK-9U5siMcqqkUTzBuPkxjF6U,Vazha Siradze
NK-9YHwzp8RuxhAh8sCYJvGBY,Nana Shamatava
NK-9af64r7QJqJhN6L83zCAap,Faris Al-Rawi
NK-9iNxapa7PnNjx3USGHJogL,Felisberto Alves Vieira
NK-9k6YLjuU67iYsCnSX5VYJu,Tham Loke Kheng
NK-9mWfPsUWNxbPvvq6km75Yo,Ahmed Ogembe
NK-9mmFPqrfYgWze58mrBGvJt,Richard Cristóbal Rosa
NK-9nXu49CkazGuuPRbCUTVGq,Madut Biar Yel
NK-9ofHfiiSdUfnKN8qj5ow3z,Odo TEVI
NK-9qhs6nnQh9SLonp3mti7Yy,LIM Eng Hwee
NK-9rb4geh37pLchrt9AZzt3G,Graham McKinley
NK-9s6GAZuMXRnjFksW6rccSX,Leah Scott
NK-9yuLokzynXx7FiamvoUkWN,DE LOS SANTOS SEVERGNINI DARCY AMAURY
NK-A34bp7aXdFZWSUm9TpXUdB,VICTOR MANUEL ORTIZ JOYA
NK-A4wMF4hJqhYC6SH8Zfwp8H,Melissa Khoo
NK-AAtFnEjTJcPyvvWmseWrEM,Ken Ferguson
NK-AH8Pcn78uA82wfj2LEAfkn,Heriberto Sosa Acosta
NK-AJ8nrntug2rnirUUdAAyFj,M. Bruno Gilles
NK-AMJnWPuoVPNr3Sd6NB9tWi,Usha CHANDRADAS
NK-APvVYe8o4orXWGNt7YXmpM,ONG Tze Chin
NK-AQ4HymsADSK2D63MkyTqfC,Jennifer L. McClellan
NK-ASweN2KwEhhoQyRjBThW4e,Rosanna Gabaldón
NK-AWyMEdQGDxEEyJ8TrMT7G4,Kim Jong-ok
NK-AYvMJSMszpGcAe5kYj3zyx,TAN Ching Yee
NK-AZQB8d52kbmkiTGzZ4HYSu,Youba BA
NK-AfaXDuZfm7dofKR8VjmT6L,Elvin Nimrod
NK-AhPZ7td6CCgtKr8xBLt3rT,ဦးခင္ေမာင္ျမင့္
NK-AjG7gLVaixzq3z5KyYpdGZ,Doutor Rui Alberto de Figueiredo SOARES
NK-AoFDGcqZue2C9chLUN8txx,"TAN Meng Dui, PPA (E)"
NK-AxcnWtuu4JKBrZFgR7NtjP,วิทวัส บุญญสถิตย์
NK-B4iN25Yc7vXzMRfyEr9PGH,Ismail ESAU
NK-B5r8bGTmj8heWjqbCdjZPQ,Borjana Krišto
NK-BDiwckF38nQ8PjaeSUTQCC,Batyr Sapargulyýewiç Ibragimow
NK-BFDhuGBocu5yjiWXVbtidG,Pak Kum-hui
NK-BGuz6Rp7LcZVBG6AD6nR2y,Erwin Arias Betancur
NK-BJfprsZhoefRFAESTVZNLa,Mark Lee
NK-BNP8Xhggs4DyaL7Am93Qi2,Mr. Edmund Hinkson
NK-BQNrn3ceEEuLYUYL2GsDrG,Carlos Ramiro MARTINEZ Alvarado
NK-BQZoSeufqsh4YD5Q56fc26,Viliami Va'inga TONE
NK-BSEuishRCnUhGGStYWEtGt,Hermann Eduardo Escarrá Malave
NK-BTqdvNKmAmyYE2n74sK4uS,GAFURERO Léocadie
NK-BUyNxsLjWATDPomKJ4ihNh,Davit Kurtanidze
NK-BcU6kPxJiL4AeJn6f4ujwS,América Valentina Pérez Dávila
NK-BfjzVJymDqtuGV4harfhft,Keith Mitchell
NK-BqaNZGMEQfxSC2ciuTEJ2U,Oswaldo Arcos Benavides
NK-Br6YBcimMN6a2ZSTvNaciG,ဦးသန္းထြန္း
NK-BrVHf9FsLPuQgiAQf7rZrN,Mohamed Siad DOUALEH
NK-BwNZL3NkBpHVepodTaPf6g,José Antonio Almendáriz Rivas
NK-C23Svee5fqMVUbZZCzzCTw,David W. Panuelo
NK-C5WMMXkQpAFoFd6VNXTTgS,HECTOR ÁNGEL ORTIZ NUÑEZ
NK-C6xLzZx2Wtg7Ee97qSTqJH,Jasmmine Wong
NK-CHAyZ6svoKxJ8p7x8nWe79,Farouk Mohammed Lawan
NK-CKUQKUmauZhvtPv4qfy7QT,SENDE Pierre
NK-CKxu7XZSXyZE5WdNHyQHEW,Batyr Çaryýewiç Orazow
NK-CMqpboBSPSQW5vbKiYf4UZ,Cecil McKIE
NK-CNqPJdh6fn9QCuUWHE7YPJ,Chukwuma Nwazunku
NK-CS5tgzSxgDoC5jFLvYFuxT,Sarjit Singh GILL
NK-CTuRBAw5CV8J5C4YEGAVg2,Esteban Quintero Cardona
NK-CUZZsvEEzsiaKmxthCZTdN,MIKULU POMBO Guy
NK-CYKHXACnnPTZiL4DjcRGqH,Nazaryan Hakob Ashot
NK-CZMrgFpLJr2Lr47R5WhnQx,JOSE LUIS PINEDO CAMPO
NK-Ca6DQKirVyTtwknsWbTmrY,Francis Asekhame Alimikhena
NK-CimYQWKXQY66UYdgbxVU78,Muhammad Gausu Boyi
NK-CoXr7vavL8RMTH8FaLAP9W,Ifeanyi Arthur Okowa
NK-CuAT4W5KkCTFoKMo9TJMf9,Iorwase Herman Hembe
NK-CykigrkxdsbygU9sa6Lmzx,Choe Chang-son
NK-CzXQwNYKmMbtLMsVVZoLbb,Álvaro Henry Monedero Rivera
NK-DG8epCX46YrcmXvEY3ufs5,DIJALMA DALLA BERNARDINA
NK-DRbZ4iPT6ayP2RdkEZ8o8h,WILLEM-ALEXANDER of the Netherlands
NK-DSKM3cSRUMkuNcCHrufau4,Mun Ung-jo
NK-DXajS5ZHLcSjzPcgbZ8aXV,Jorge Enrique Burgos Lugo
NK-Da3qbEgcQzSuXvpnfo2icy,NDAYIZEYE Gloriose
NK-Dcok6NqmV22GGZHnJDt3fE,Fatumanava-o-Upolu III Pa'olelei LUTERU
NK-Dmb7ydfo58AXGhJBqjZokA,Thanabal s/o Kaliannan
NK-Dn6bdpqXDXYw8A8DwxBLPi,Nurudeen Abatemi Usman
NK-DsSHFpQYUtTEmoCzPnRucU,Тедеев Руслан Рутенович
NK-DuxWrLbwwVYzyBjK6DVWqV,EDINALVA DE OLIVEIRA POSSIDONIO DE SOUSA
NK-Dwav4aBkHie5Aewu6J29LN,GOH Wei Boon
NK-E98tWrypkMvGQMUQGV8MdY,Ľuboš Martinák
NK-EJaVacbmgg9gPoViEDNPyi,Kim Myong-sik
NK-EK9ctLmjfwe4xWxd6kHKmV,LUCIANO GRISALES LONDOÑO
NK-EMtXqAzSUuA9GXLM5apdv5,Kim Yong-dae
NK-EQLPFojgunmdkNKNxptRB5,Mathal Hadi Hayef al-HUWAILA
NK-EZHri982vj9wGeeYB7w2RW,NDITIJE Charles
NK-EZrLuebAiZYqJMkJLHEKkS,CHANSAMON Chan-gnalat
NK-Ea2v9b4cWv4ggrc59n7Hkq,Смирнов Александр Александрович
NK-EgeBPp8nuitKbr3hU3NscS,JIN Yuen Yee
NK-EjuyDWrPfjiLw7zmwKsBxT,Ibrahim Umar Potiskum
NK-Ek4t7MWubYLoEB5sS2azVP,Mr. Wang Yi
NK-En9tBQuiw7Wd2kQLPjAH5a,NAUMOVICH ANDREI
NK-EnD5hJthX7j37JyCPdG4yg,Tserenpil DAVAASUREN
